Company,Brand Promise,Primary Differentiator,Key Messaging,Guarantees,Pricing Model,Trust Signals,Target Customer,Positioning Statement
One Hour Air Conditioning & Heating,"Always On Time... Or You Don't Pay A Dime!®",Time guarantee - free service call if not on time,"Punctuality, transparency, professionalism","100% satisfaction, 2-year materials/labor, on-time or free",StraightForward Pricing® (upfront no hidden fees),"UWIN® certification, background checks, drug testing",Time-conscious homeowners who value predictability,"Reliable, on-time HVAC service with transparent pricing and rigorously screened technicians."
Aire Serv (Dallas & Fort Worth),"Breathe Easy with Aire Serv + Neighborly Done Right Promise®",National brand standards + local ownership,"Indoor air quality focus, reliability, professionalism",Neighborly Done Right Promise® satisfaction guarantee,"Upfront, job-based pricing (not hourly)","A+ BBB rating, 35+ years experience (Fort Worth)",Homeowners seeking brand reliability + local service,"Franchise-backed expertise with local care, focused on comfort and air quality."
Berkeys Air Conditioning Plumbing & Electrical,Premium quality service since 1975,Multi-service (HVAC + Plumbing + Electrical),"Quality, expertise, comprehensive home services",1-2 year standard; lifetime on select systems,"Premium pricing, financing available","4.8 stars (2069 reviews), Lennox/American Standard authorized",Affluent homeowners prioritizing quality over price,"Premium, all-in-one home services from DFW's most experienced provider."
Tempo Air,"Employee-Owned Comfort, Dallas-Strong",Employee-owned company (since 1966),"Local ownership, employee investment in quality",Standard service guarantees,Competitive,57+ years in business employee ownership model,"Customers who value supporting local, employee-owned businesses","When employees own the company, they own the outcome. Dallas comfort since 1966."
Lex Air Conditioning and Heating (Carrollton),Multi-generational family business with customer-first approach,Family business + Carrollton/Plano focus,"Listening to customers, fast service, fair pricing",Total satisfaction guarantee on parts and labor,"Fair, competitive pricing","20+ years serving Carrollton, state-certified technicians",Carrollton/Plano residents wanting local family business,"Your neighborhood HVAC family—listening first, fixing fast, pricing fair."
A-Star Air Conditioning Plumbing & Electric,Whole-home comfort and safety with 28+ years of DFW expertise,One-stop HVAC + Plumbing + Electrical,"Convenience, trust, comprehensive service",100% satisfaction guarantee,"100% upfront pricing, no hidden costs","A+ BBB rating, 28+ years, same-day service",Homeowners wanting one provider for all home systems,"One call for HVAC, plumbing, and electrical—fast, transparent, guaranteed."
Rescue Air and Plumbing,24/7 Emergency Rescue Service,Emergency-focused brand positioning,"Fast, 24/7, rescue when you need it most",Service within 24 hours for emergencies,Emergency service pricing,"Available 365 days, same-day appointments",Homeowners in crisis needing immediate help,"When your AC fails at 2am, we answer. Fast, reliable rescue for DFW."
Aire Texas Residential Services,Premier choice for residential HVAC in DFW,Energy efficiency + technology focus,"Modern, efficient, tech-forward service",Standard service guarantees,"Free estimates, first lb of Freon free","A+ BBB, NATE certified, GPS tracking, paperless",Tech-savvy homeowners focused on efficiency,"Modern HVAC expertise—efficient systems, smart technology, energy savings."
Comfort Experts (Fort Worth/West DFW),The most comfortable call you'll ever make,Genius technician branding + no sales pressure,"Honest expertise, family-owned, award-winning",100% customer satisfaction guarantee,"Honest pricing, no selling techs","Best Heating/Air Company 2018-2025, 3rd generation",West DFW homeowners wanting trusted local experts,"Third-generation family expertise. Certified Geniuses, not salesmen."
Hightower Service (Arlington),Honest professional service—no sales pressure,Non-commissioned technicians,"Honesty, integrity, family values",Standing behind their work,"Fair pricing, no commission-driven upsells","Family-owned since 1952, Carrier Factory Authorized",Customers tired of pushy sales tactics,"Since 1952: honest service from technicians who aren't paid to sell you."
Metro Air Conditioning Heating & Services,Family-owned excellence since 1990,Price matching + senior/military discounts,"Value, accessibility, community support",Price-matching guarantee,Competitive with price matching,"32+ years experience, 24/7 emergency","Value-conscious homeowners, seniors, military",Quality service at fair prices—we'll match any competitor.
Quality 1 Energy Systems,100% Satisfaction Since 1989,2-hour emergency response commitment,"Speed, satisfaction, flat-rate pricing",100% satisfaction guarantee,Flat-rate pricing,"NATE-certified, 35+ years, 24/7 service","Homeowners needing fast, reliable service","Flat-rate pricing, 2-hour response, 100% satisfaction—since 1989."
