URL,Page Type,Current Title,Current Length,Flag,"Format A: Plain Keyword-First","Fmt A Length","Format B: Review Badge (147 ★★★★★)","Fmt B Length","Format C: Trust / Topical Expansion","Fmt C Length","Format D: Intent / Urgency","Fmt D Length",RECOMMENDED TITLE,Rec Length,Notes
/,Home,"DFW HVAC | Trusted Air Conditioning & Heating Experts",53,Brand-first — loses keyword primacy,"AC Repair & HVAC Services in Dallas-Fort Worth | DFW HVAC",57,"AC Repair in DFW | 147 ★★★★★ Reviews | DFW HVAC",47,"DFW HVAC — 147 ★★★★★ AC Repair & Installation",46,"Same-Day AC Repair in Dallas-Fort Worth | DFW HVAC",50,,,Highest-leverage title on site
/about,Utility,"About Us | DFW HVAC - Three Generations of Trusted Service",58,Brand-first,"About DFW HVAC — 3 Generations of Texas HVAC",44,"About DFW HVAC | 147 ★★★★★ | 3 Generations Family-Owned",56,"About DFW HVAC — Family-Owned HVAC Since 2020",45,"About DFW HVAC — Trust, Excellence, Care in DFW",47,,,Brand story page
/contact,Utility,"Contact Us | DFW HVAC - Expert HVAC Service",43,OK but generic,"Contact DFW HVAC — Coppell, TX Office",37,"Contact DFW HVAC | 147 ★★★★★ | (972) 777-COOL",~48,"Contact DFW HVAC | Dallas-Fort Worth HVAC Service",49,"Contact DFW HVAC — Same-Day HVAC Service",40,,,
/request-service,Utility,"Request HVAC Service | DFW HVAC | Dallas-Fort Worth",51,Double pipe weird,"Request HVAC Service in Dallas-Fort Worth | DFW HVAC",52,"Request HVAC Service | 147 ★★★★★ | DFW HVAC",~45,"Book HVAC Service in DFW — Free Estimate | DFW HVAC",52,"Book Same-Day HVAC Service in DFW | DFW HVAC",44,,,
/estimate,Utility,"Free HVAC Estimate | DFW HVAC | Dallas-Fort Worth",49,Double pipe weird,"Free HVAC Estimate in Dallas-Fort Worth | DFW HVAC",50,"Free HVAC Estimate | 147 ★★★★★ | DFW HVAC",~43,"Free Written HVAC Estimate in DFW | DFW HVAC",44,"Free HVAC Replacement Estimate in DFW | DFW HVAC",48,,,High-intent conversion page
/recent-projects,Utility,"Our Work | Recent HVAC Projects in Dallas-Fort Worth | DFW HVAC",63,OVERFLOW (>60),"Recent HVAC Projects in Dallas-Fort Worth | DFW HVAC",52,"Our Projects | 147 ★★★★★ HVAC Jobs | DFW HVAC",~48,"Recent HVAC Installations & Repairs | DFW HVAC",46,"Our Recent HVAC Work in DFW | DFW HVAC",38,,,Trust/social-proof asset
/reviews,Utility,"5-Star HVAC Reviews Dallas | Customer Testimonials | DFW HVAC",61,OVERFLOW (>60) + stale "5-star" wording,"DFW HVAC Reviews — 147 Five-Star Testimonials",45,"147 ★★★★★ Google Reviews | DFW HVAC",35,"DFW HVAC Customer Reviews — 147 ★★★★★ | DFW HVAC",50,"Why DFW Chooses DFW HVAC — 147 ★★★★★ Reviews",44,,,THE review-badge showcase page
/faq,Utility,"HVAC FAQ Dallas | Common Questions | DFW HVAC",45,Good,"HVAC FAQ — Common Questions | DFW HVAC",39,"DFW HVAC FAQ | 147 ★★★★★ | Common Questions",~45,"HVAC Service FAQs in Dallas-Fort Worth | DFW HVAC",49,"HVAC FAQ — Repair, Install, Maintenance | DFW HVAC",51,,,AEO citation target
/privacy-policy,Legal,"Privacy Policy | DFW HVAC",25,Keep,"Privacy Policy | DFW HVAC",25,N/A,-,N/A,-,N/A,-,,,No review badge on legal pages
/terms-of-service,Legal,"Terms of Service | DFW HVAC",27,Keep,"Terms of Service | DFW HVAC",27,N/A,-,N/A,-,N/A,-,,,No review badge on legal pages
/services,Service Hub,"HVAC Services | DFW HVAC - Heating & Air Conditioning",53,Brand-first awkward,"HVAC Services in Dallas-Fort Worth | DFW HVAC",45,"HVAC Services DFW | 147 ★★★★★ | DFW HVAC",~40,"AC, Heating & HVAC Services in DFW | DFW HVAC",45,"HVAC Services — Licensed & Insured in DFW | DFW HVAC",52,,,Services triage hub
/cities-served,Hub,"Cities We Serve | DFW HVAC",26,Understated,"DFW Cities Served — 28 Locations | DFW HVAC",43,"DFW Service Areas — 28 Cities | 147 ★★★★★ | DFW HVAC",52,"HVAC Service Areas in Dallas-Fort Worth | DFW HVAC",49,"HVAC Service Areas — 28 DFW Cities | DFW HVAC",45,,,City triage hub
/services/residential/air-conditioning,Service - Residential,"Air Conditioning | DFW HVAC",27,Under-optimized (only 27 chars of 60),"AC Repair & Installation in Dallas-Fort Worth | DFW HVAC",56,"AC Repair in DFW | 147 ★★★★★ | DFW HVAC",~42,"AC Repair, Install & Service in DFW | DFW HVAC",46,"Same-Day AC Repair in Dallas-Fort Worth | DFW HVAC",50,,,TOP residential service page
/services/residential/heating,Service - Residential,"Heating | DFW HVAC",18,SEVERELY under-optimized (18/60),"Heating Repair & Furnace Installation in DFW | DFW HVAC",54,"Heating Repair DFW | 147 ★★★★★ | DFW HVAC",~44,"Heating Services in Dallas-Fort Worth | DFW HVAC",48,"Furnace & Heat Pump Repair in DFW | DFW HVAC",44,,,Wasting 42 chars today
/services/residential/indoor-air-quality,Service - Residential,"Indoor Air Quality | DFW HVAC",29,Under-optimized,"Indoor Air Quality & Air Purifier Install | DFW HVAC",52,"Indoor Air Quality DFW | 147 ★★★★★ | DFW HVAC",~48,"IAQ Services in Dallas-Fort Worth | DFW HVAC",44,"Air Purifier & IAQ Installation in DFW | DFW HVAC",49,,,REME Halo LED destination
/services/residential/preventative-maintenance,Service - Residential,"Preventative Maintenance | DFW HVAC",35,OK,"HVAC Tune-Up & Preventative Maintenance | DFW HVAC",50,"HVAC Tune-Up DFW | 147 ★★★★★ | DFW HVAC",~42,"Preventative HVAC Maintenance in DFW | DFW HVAC",47,"Seasonal HVAC Tune-Up in Dallas-Fort Worth | DFW HVAC",53,,,Recurring-revenue page
/services/commercial/commercial-air-conditioning,Service - Commercial,"Commercial Air Conditioning | DFW HVAC",38,OK,"Commercial AC Repair & Installation in DFW | DFW HVAC",52,"Commercial AC DFW | 147 ★★★★★ | DFW HVAC",~42,"Commercial Air Conditioning in Dallas-Fort Worth | DFW HVAC",59,"Commercial HVAC & AC Services in DFW | DFW HVAC",47,,,Higher-ticket commercial
/services/commercial/commercial-heating,Service - Commercial,"Commercial Heating | DFW HVAC",29,Under-optimized,"Commercial Heating Repair & Installation in DFW | DFW HVAC",58,"Commercial Heating DFW | 147 ★★★★★ | DFW HVAC",~47,"Commercial Furnace & Heating in DFW | DFW HVAC",46,"Commercial Heating Services in Dallas-Fort Worth | DFW HVAC",59,,,Higher-ticket commercial
/services/commercial/commercial-maintenance,Service - Commercial,"Commercial Maintenance | DFW HVAC",33,Under-optimized,"Commercial HVAC Maintenance & Service in DFW | DFW HVAC",55,"Commercial HVAC Maintenance | 147 ★★★★★ | DFW HVAC",~52,"Commercial HVAC Maintenance in Dallas-Fort Worth | DFW HVAC",59,"Commercial HVAC Service Plans in DFW | DFW HVAC",48,,,Recurring commercial revenue
/cities-served/allen,City,"HVAC Services in Allen, TX | DFW HVAC",37,Generic templated,"Allen AC Repair & HVAC Services | DFW HVAC",42,"Allen AC Repair | 147 ★★★★★ | DFW HVAC",~40,"AC Repair in Allen, TX | DFW HVAC",33,"Allen HVAC — Same-Day Service | DFW HVAC",41,,,
/cities-served/argyle,City,"HVAC Services in Argyle, TX | DFW HVAC",38,Generic templated,"Argyle AC Repair & HVAC Services | DFW HVAC",43,"Argyle AC Repair | 147 ★★★★★ | DFW HVAC",~41,"AC Repair in Argyle, TX | DFW HVAC",34,"Argyle HVAC — Same-Day Service | DFW HVAC",42,,,
/cities-served/arlington,City,"HVAC Services in Arlington, TX | DFW HVAC",41,Generic templated,"Arlington AC Repair & HVAC Services | DFW HVAC",46,"Arlington AC Repair | 147 ★★★★★ | DFW HVAC",~44,"AC Repair in Arlington, TX | DFW HVAC",37,"Arlington HVAC — Same-Day Service | DFW HVAC",45,,,
/cities-served/bedford,City,"HVAC Services in Bedford, TX | DFW HVAC",39,Generic templated,"Bedford AC Repair & HVAC Services | DFW HVAC",44,"Bedford AC Repair | 147 ★★★★★ | DFW HVAC",~42,"AC Repair in Bedford, TX | DFW HVAC",35,"Bedford HVAC — Same-Day Service | DFW HVAC",43,,,
/cities-served/carrollton,City,"HVAC Services in Carrollton, TX | DFW HVAC",42,Generic templated,"Carrollton AC Repair & HVAC Services | DFW HVAC",47,"Carrollton AC Repair | 147 ★★★★★ | DFW HVAC",~45,"AC Repair in Carrollton, TX | DFW HVAC",38,"Carrollton HVAC — Same-Day Service | DFW HVAC",46,,,
/cities-served/colleyville,City,"HVAC Services in Colleyville, TX | DFW HVAC",43,Generic templated,"Colleyville AC Repair & HVAC Services | DFW HVAC",48,"Colleyville AC Repair | 147 ★★★★★ | DFW HVAC",~46,"AC Repair in Colleyville, TX | DFW HVAC",39,"Colleyville HVAC — Same-Day Service | DFW HVAC",47,,,
/cities-served/coppell,City,"HVAC Services in Coppell, TX | DFW HVAC",39,Generic templated (HOMETOWN),"Coppell AC Repair & HVAC Services | DFW HVAC",44,"Coppell AC Repair | 147 ★★★★★ | DFW HVAC",~42,"AC Repair in Coppell, TX | DFW HVAC",35,"Coppell HVAC — Same-Day Service | DFW HVAC",43,,,HOMETOWN page - highest city priority
/cities-served/dallas,City,"HVAC Services in Dallas, TX | DFW HVAC",38,Generic templated,"Dallas AC Repair & HVAC Services | DFW HVAC",43,"Dallas AC Repair | 147 ★★★★★ | DFW HVAC",~41,"AC Repair in Dallas, TX | DFW HVAC",34,"Dallas HVAC — Same-Day Service | DFW HVAC",42,,,HIGH VOLUME city
/cities-served/denton,City,"HVAC Services in Denton, TX | DFW HVAC",38,Generic templated,"Denton AC Repair & HVAC Services | DFW HVAC",43,"Denton AC Repair | 147 ★★★★★ | DFW HVAC",~41,"AC Repair in Denton, TX | DFW HVAC",34,"Denton HVAC — Same-Day Service | DFW HVAC",42,,,
/cities-served/euless,City,"HVAC Services in Euless, TX | DFW HVAC",38,Generic templated,"Euless AC Repair & HVAC Services | DFW HVAC",43,"Euless AC Repair | 147 ★★★★★ | DFW HVAC",~41,"AC Repair in Euless, TX | DFW HVAC",34,"Euless HVAC — Same-Day Service | DFW HVAC",42,,,
/cities-served/farmers-branch,City,"HVAC Services in Farmers Branch, TX | DFW HVAC",46,Generic templated,"Farmers Branch AC Repair & HVAC | DFW HVAC",42,"Farmers Branch AC Repair | 147 ★★★★★ | DFW HVAC",~48,"AC Repair in Farmers Branch, TX | DFW HVAC",42,"Farmers Branch HVAC — Same-Day Service | DFW HVAC",50,,,
/cities-served/flower-mound,City,"HVAC Services in Flower Mound, TX | DFW HVAC",44,Generic templated,"Flower Mound AC Repair & HVAC Services | DFW HVAC",49,"Flower Mound AC Repair | 147 ★★★★★ | DFW HVAC",~46,"AC Repair in Flower Mound, TX | DFW HVAC",40,"Flower Mound HVAC — Same-Day Service | DFW HVAC",48,,,UPSCALE market
/cities-served/fort-worth,City,"HVAC Services in Fort Worth, TX | DFW HVAC",42,Generic templated,"Fort Worth AC Repair & HVAC Services | DFW HVAC",47,"Fort Worth AC Repair | 147 ★★★★★ | DFW HVAC",~45,"AC Repair in Fort Worth, TX | DFW HVAC",38,"Fort Worth HVAC — Same-Day Service | DFW HVAC",46,,,HIGH VOLUME city
/cities-served/frisco,City,"HVAC Services in Frisco, TX | DFW HVAC",38,Generic templated,"Frisco AC Repair & HVAC Services | DFW HVAC",43,"Frisco AC Repair | 147 ★★★★★ | DFW HVAC",~41,"AC Repair in Frisco, TX | DFW HVAC",34,"Frisco HVAC — Same-Day Service | DFW HVAC",42,,,HIGHEST SUBURB volume
/cities-served/grapevine,City,"HVAC Services in Grapevine, TX | DFW HVAC",41,Generic templated,"Grapevine AC Repair & HVAC Services | DFW HVAC",46,"Grapevine AC Repair | 147 ★★★★★ | DFW HVAC",~44,"AC Repair in Grapevine, TX | DFW HVAC",37,"Grapevine HVAC — Same-Day Service | DFW HVAC",45,,,
/cities-served/haslet,City,"HVAC Services in Haslet, TX | DFW HVAC",38,Generic templated,"Haslet AC Repair & HVAC Services | DFW HVAC",43,"Haslet AC Repair | 147 ★★★★★ | DFW HVAC",~41,"AC Repair in Haslet, TX | DFW HVAC",34,"Haslet HVAC — Same-Day Service | DFW HVAC",42,,,
/cities-served/hurst,City,"HVAC Services in Hurst, TX | DFW HVAC",37,Generic templated,"Hurst AC Repair & HVAC Services | DFW HVAC",42,"Hurst AC Repair | 147 ★★★★★ | DFW HVAC",~40,"AC Repair in Hurst, TX | DFW HVAC",33,"Hurst HVAC — Same-Day Service | DFW HVAC",41,,,
/cities-served/irving,City,"HVAC Services in Irving, TX | DFW HVAC",38,Generic templated,"Irving AC Repair & HVAC Services | DFW HVAC",43,"Irving AC Repair | 147 ★★★★★ | DFW HVAC",~41,"AC Repair in Irving, TX | DFW HVAC",34,"Irving HVAC — Same-Day Service | DFW HVAC",42,,,
/cities-served/keller,City,"HVAC Services in Keller, TX | DFW HVAC",38,Generic templated,"Keller AC Repair & HVAC Services | DFW HVAC",43,"Keller AC Repair | 147 ★★★★★ | DFW HVAC",~41,"AC Repair in Keller, TX | DFW HVAC",34,"Keller HVAC — Same-Day Service | DFW HVAC",42,,,
/cities-served/lake-dallas,City,"HVAC Services in Lake Dallas, TX | DFW HVAC",43,Generic templated,"Lake Dallas AC Repair & HVAC Services | DFW HVAC",48,"Lake Dallas AC Repair | 147 ★★★★★ | DFW HVAC",~46,"AC Repair in Lake Dallas, TX | DFW HVAC",39,"Lake Dallas HVAC — Same-Day Service | DFW HVAC",47,,,
/cities-served/lewisville,City,"HVAC Services in Lewisville, TX | DFW HVAC",42,Generic templated,"Lewisville AC Repair & HVAC Services | DFW HVAC",47,"Lewisville AC Repair | 147 ★★★★★ | DFW HVAC",~45,"AC Repair in Lewisville, TX | DFW HVAC",38,"Lewisville HVAC — Same-Day Service | DFW HVAC",46,,,MAJOR market
/cities-served/mansfield,City,"HVAC Services in Mansfield, TX | DFW HVAC",41,Generic templated,"Mansfield AC Repair & HVAC Services | DFW HVAC",46,"Mansfield AC Repair | 147 ★★★★★ | DFW HVAC",~44,"AC Repair in Mansfield, TX | DFW HVAC",37,"Mansfield HVAC — Same-Day Service | DFW HVAC",45,,,Growing S-DFW market
/cities-served/north-richland-hills,City,"HVAC Services in North Richland Hills, TX | DFW HVAC",52,Generic templated (LONG NAME),"North Richland Hills AC Repair | DFW HVAC",41,"North Richland Hills AC | 147 ★★★★★ | DFW HVAC",~50,"AC Repair in North Richland Hills, TX | DFW HVAC",48,"North Richland Hills HVAC — Same-Day | DFW HVAC",47,,,LONGEST city name
/cities-served/plano,City,"HVAC Services in Plano, TX | DFW HVAC",37,Generic templated,"Plano AC Repair & HVAC Services | DFW HVAC",42,"Plano AC Repair | 147 ★★★★★ | DFW HVAC",~40,"AC Repair in Plano, TX | DFW HVAC",33,"Plano HVAC — Same-Day Service | DFW HVAC",41,,,HIGHEST SUBURB volume
/cities-served/richardson,City,"HVAC Services in Richardson, TX | DFW HVAC",42,Generic templated,"Richardson AC Repair & HVAC Services | DFW HVAC",47,"Richardson AC Repair | 147 ★★★★★ | DFW HVAC",~45,"AC Repair in Richardson, TX | DFW HVAC",38,"Richardson HVAC — Same-Day Service | DFW HVAC",46,,,MAJOR market
/cities-served/roanoke,City,"HVAC Services in Roanoke, TX | DFW HVAC",39,Generic templated,"Roanoke AC Repair & HVAC Services | DFW HVAC",44,"Roanoke AC Repair | 147 ★★★★★ | DFW HVAC",~42,"AC Repair in Roanoke, TX | DFW HVAC",35,"Roanoke HVAC — Same-Day Service | DFW HVAC",43,,,
/cities-served/southlake,City,"HVAC Services in Southlake, TX | DFW HVAC",41,Generic templated (UPSCALE),"Southlake AC Repair & HVAC Services | DFW HVAC",46,"Southlake AC Repair | 147 ★★★★★ | DFW HVAC",~44,"AC Repair in Southlake, TX | DFW HVAC",37,"Southlake HVAC — Same-Day Service | DFW HVAC",45,,,UPSCALE market
/cities-served/the-colony,City,"HVAC Services in The Colony, TX | DFW HVAC",42,Generic templated,"The Colony AC Repair & HVAC Services | DFW HVAC",47,"The Colony AC Repair | 147 ★★★★★ | DFW HVAC",~45,"AC Repair in The Colony, TX | DFW HVAC",38,"The Colony HVAC — Same-Day Service | DFW HVAC",46,,,
